2;0.99982134575816362
3;0.99956222298608777
4;0.99941506823504411
5;0.99924763454928467
6;0.9993013599698598
7;0.99920966458839133
8;0.99920674690828692
9;0.99911969174412063
10;0.99881804372321126
11;0.99880931917119276
12;0.99882777732228778
13;0.9988951146993349
14;0.99883118971967255
15;0.99863371181753657
16;0.99876567369989588
17;0.99855182397153308
18;0.99851336560775639
19;0.99864629889200451
20;0.99864555567092805
21;0.99870835767410926
22;0.99867328506685049
23;0.99845077811708205
24;0.9981941263943529
25;0.9984549114469764
26;0.99971814791433089
27;0.99883483218824731
28;0.9991869369421772
29;0.99934025187484343
30;0.99941691168333302
31;0.99945757618953812
32;0.99936335082523231
33;0.99938184604166103
34;0.99964019512830493
35;0.99888634631392015
36;0.99874017784141433
37;0.99929826363697727
38;0.99930382458361666
39;0.99916521853682838
40;0.99902694230517064
41;0.99899627572095651
42;0.99911893327659518
43;0.99924328261249074
44;0.99896273253440859
45;0.99886305645859319
46;0.99919602765481674
47;0.99946558009793052
48;0.99944398705290449
49;0.99947965580847675
50;0.99944018786244282
51;0.9993868463469654
52;0.99925679450260707
53;0.99920368243121882
54;0.99903295657013547
55;0.99893466730566005
56;0.99889545682528291
57;0.99881973545984204
58;0.99885723461817055
59;0.99862382838492414
60;0.99864585697777619
61;0.99881509733444396
62;0.99855400464726329
63;0.998718868229309
64;0.99873320529160092
65;0.99866654375314778
66;0.99877207593022621
67;0.99896002960852048
68;0.99818132837892604
69;0.99883628820542381
70;0.99894943597393548
71;0.99912768357660486
72;0.99909198541918276
73;0.95336553949925373
74;0.95387778578961691
75;0.95446787989463222
76;0.95512544042440839
77;0.95349834841907621
78;0.95352817724750982
79;0.9533732727439429
80;0.95238053386459909
81;0.95243524948531022
82;0.95312418266622656
83;0.95279194392721434
84;0.95332831898277981
85;0.95332727706168263
86;0.95299216608299053
87;0.95276722497663524
88;0.9518699374986852
89;0.95282347110127696
90;0.95335739835786859
91;0.95326889676263937
92;0.95344382238350212
93;0.953202625329855
94;0.95263579879705873
95;0.95278657649754972
96;0.95234192668084516
97;0.9527218334996721
98;0.95293052981893045
99;0.95321292804204882
100;0.95325579958195772
101;0.9532680239809983
102;0.95352928025866523
103;0.95378266758481089
104;0.95322557709052591
105;0.95352703559846363
106;0.9538557722006008
107;0.95410472047343653
108;0.9538784522303726
109;0.95385246198354823
110;0.95453158632103163
111;0.95487168793943067
112;0.95484316765104971
113;0.9545127605874314
114;0.95469492198177597
115;0.95459713903668431
116;0.9547132627409104
117;0.95497548089347928
118;0.95525878487274907
119;0.95528323378799629
120;0.95542228777115168
121;0.95507227686106122
122;0.9547074401114819
123;0.95489234909568044
124;0.95468570691193533
125;0.95486013081088439
126;0.95504250749636199
127;0.95494789217058285
128;0.95478311541934524
129;0.95469062955900763
130;0.95427586517182561
131;0.95399502566792904
132;0.95384644118025963
133;0.95456896015934245
134;0.95479047873468104
135;0.98058297286469276
136;0.97981955294768486
137;0.97973690657043389
138;0.97877260804767707
139;0.97958782043863091
140;0.98016497269139413
141;0.98061898951363424
142;0.98075194690769452
143;0.9807853150696213
144;0.98051697331514043
145;0.97925613981060511
146;0.97913938467329686
147;0.97971183778408
148;0.98011591010490207
149;0.97975388145278874
150;0.9795709986953901
151;0.97872031105924717
152;0.97948802938214108
153;0.97810676003380392
154;0.97839072982629061
155;0.9790736798301104
156;0.97861549278622706
157;0.97825129620295881
158;0.97779905137535505
159;0.97727667134593332
160;0.97648503559165367
161;0.97704706176653122
162;0.97701122912304139
163;0.97741240654320072
164;0.97602890027896017
165;0.97596114419830104
166;0.9749104386310059
167;0.97435941463865783
168;0.9741675707172609
169;0.9742034406924015
170;0.97463885393905236
171;0.97308067834571965
172;0.97232842390155649
173;0.97234959887426242
174;0.97114620865788992
175;0.97072765753844525
176;0.97115756647281604
177;0.97041464104645248
178;0.97120522301961876
179;0.97127507462668483
180;0.97159651569382777
181;0.96836348683685969
182;0.96877948305471584
183;0.9677424246793328
184;0.96703658709904072
185;0.9681396867937716
186;0.94495185928482794
187;0.94581872566713998
188;0.94539708760601116
189;0.94560044963418111
190;0.94581004143821934
191;0.94487524393363187
192;0.94513098818132157
193;0.94497185693391728
194;0.94634825212137008
195;0.94880707807369025
196;0.94810596658960355
197;0.95033233047291055
198;0.94939409443474854
199;0.9512443361802656
200;0.95136604498672295
201;0.9528716974034892
202;0.95404234883193983
203;0.95429229095056856
204;0.95393004200696518
205;0.95473922771231512
206;0.95558361948131487
207;0.9553012624874776
208;0.95517741824365665
209;0.95520939822001205
210;0.9560190671883585
211;0.95626014599988007
212;0.95571049221819937
213;0.95521286595219712
214;0.95498129603793724
215;0.9431331432676876
216;0.94377571271975824
217;0.9443956047863864
218;0.94467588258220625
219;0.94496872983871261
220;0.94684754726002052
221;0.94866032109814258
222;0.94992099623176762
223;0.95122205974015839
224;0.95221113141960201
225;0.95244390036000992
226;0.95281023101969176
227;0.95283800857498879
228;0.95265301818221471
229;0.95298902877371849
230;0.95314309338485537
231;0.95354659360113025
232;0.95412792662989254
233;0.95452076961782084
234;0.95487023778219793
235;0.95540777217656281
236;0.95554762045352548
237;0.95577738254809785
238;0.95577783181469533
239;0.95587685124522692
240;0.95599515117189837
241;0.95628845544392638
242;0.95584970894032739
243;0.95549250008513309
244;0.95484673815364984
245;0.95464366250913757
246;0.9546475740314786
247;0.95435739608648129
248;0.95494117355405539
249;0.95506909404242346
250;0.95603224571852008
251;0.95630449915802396
252;0.95685540070259212
253;0.91831716621889359
254;0.91281837852421621
255;0.90936264575756431
256;0.90951363653654238
257;0.90704450833119288
258;0.9002305249364374
259;0.89090873783019753
260;0.8876712880418407
261;0.88633034157276891
262;0.8845417550574749
263;0.8795793154502406
264;0.87666002028056511
265;0.87642799008345229
266;0.87930688355624598
267;0.88481258644074701
268;0.88711858582516057
269;0.88134345999154151
270;0.87289950286969797
271;0.86270271968873768
272;0.85178446040412081
273;0.84110894901405109
274;0.83075385957792369
275;0.82881214793023961
276;0.82846121014139529
277;0.83282679185785735
278;0.84218161272666092
279;0.84346985404329766
280;0.8421005198078706
281;0.83863099647396455
282;0.83903135584480837
283;0.84509045811783778
284;0.86174792258475175
285;0.88297179321985142
286;0.90158062806031769
287;0.90664336139242763
288;0.90208733904002425
289;0.88878358873548613
290;0.87992520916405736
291;0.87773268048293895
292;0.88238348826761626
293;0.89465304317438743
294;0.91287574381810688
295;0.92516617000878354
296;0.93046715733810059
297;0.92708003094175384
298;0.91903946145935211
299;0.91371432609056913
300;0.91123298727716917
301;0.92290517537036432
302;0.93685919483140634
303;0.94983262962913406
304;0.95579858383403515
305;0.95600674721678214
306;0.95055028662180074
307;0.94048734609606133
308;0.93293323112570381
309;0.92698340498589926
310;0.92647671259231179
311;0.92940945470277547
312;0.93532424068785924
313;0.94186137163506667
314;0.94774976775999742
315;0.95037661260428075
316;0.94777801596510136
317;0.93948775144191676
318;0.93004682698006924
319;0.92258169727369677
320;0.91920192513707533
321;0.91921831786356289
322;0.92092527706762994
323;0.92041705460273049
324;0.91356250322655774
325;0.90491109225110533
326;0.90433045255971778
327;0.90296465270669612
328;0.90304777956740412
329;0.90896686524132875
330;0.9151194870233279
331;0.87024865763051951
332;0.87779217707923718
333;0.87975845590033497
334;0.87467933215013582
335;0.87049636749748815
336;0.86930793710480425
337;0.87637632494499607
338;0.88173327451951133
339;0.88458050456678694
340;0.88262636487066448
341;0.8805208811800922
342;0.8814388700489173
343;0.8792846049435179
344;0.87534030151144815
345;0.87034284227650205
346;0.86579804503924807
347;0.86301381709340819
348;0.86097521413071165
349;0.85387282160708611
350;0.84766776988376036
351;0.82871436210927274
352;0.81701325195151064
353;0.80167407325040774
354;0.79068711147580262
355;0.78710627322139537
356;0.79117066405874403
357;0.80117115923609583
358;0.81202748458645468
359;0.82102868147113472
360;0.82402740970899335
361;0.82179928990692352
362;0.81772406689166421
363;0.81791724619357487
364;0.82379147490939864
365;0.83289279433802743
366;0.8400043386423347
367;0.84562705863582843
368;0.86767443658424059
369;0.89565164231090955
370;0.89943124877586655
371;0.87200562045226337
372;0.84420091003672959
373;0.84241352989862694
374;0.83532522475432225
375;0.84056339626722676
376;0.85339854868551723
377;0.85850601397184001
378;0.86415105306884299
379;0.86995786421303489
380;0.87294150651158686
381;0.87403913381753662
382;0.87095798899240706
383;0.85943904324703013
384;0.84624258365512839
385;0.83741933264124158
386;0.83256358763444971
387;0.82690140905707099
388;0.82416746598627399
389;0.82109379206447319
390;0.82042187242511833
391;0.96000864459077795
392;0.96059428925202539
393;0.96105215584480796
394;0.96080979924007603
395;0.96069780809295713
396;0.96043266576122643
397;0.96065109527553616
398;0.96035531753580083
399;0.95985296282391164
400;0.95902971801877579
401;0.9584190370454323
402;0.95785909237951483
403;0.95749571420585011
404;0.95644390818328207
405;0.95605827178212022
406;0.95650383990860466
407;0.95702132685017438
408;0.95759780781088466
409;0.95873998772724078
410;0.95973059800818794
411;0.96026857812282662
412;0.96096461850713311
413;0.96159859798771397
414;0.9619155716301695
415;0.96256397676174688
416;0.96345048500718677
417;0.9641140993011561
418;0.96540465078476079
419;0.96635007103005399
420;0.96682859258679099
421;0.96786848251160462
422;0.96789849496236913
423;0.96795154063404398
424;0.96775363506332823
425;0.966804883098065
426;0.96661761012358616
427;0.96597773855265301
428;0.96603330333410187
429;0.96591890205735564
430;0.96596038730532041
431;0.96578173154732094
432;0.96548597897518573
433;0.96593309311337794
434;0.96596131709307098
435;0.96594652029095263
436;0.96728775928231081
437;0.96767829570370445
438;0.96776373774367741
439;0.96753458292725647
440;0.94194096893897727
441;0.9414848684454139
442;0.94106900326093723
443;0.94055145170900711
444;0.9405519075584019
445;0.94023561839966296
446;0.9394455270366644
447;0.93915668897601956
448;0.93836356591905623
449;0.93762233512980531
450;0.93708633921553719
451;0.93648184962364067
452;0.93602881254328363
453;0.93543510378321981
454;0.93506689832796475
455;0.93465549136186532
456;0.93433306511563452
457;0.93421156021157459
458;0.93441728717572392
459;0.93406821299921083
460;0.93435254947732327
461;0.93448962733222574
462;0.93533348436116903
463;0.93559718899431765
464;0.93621079300750665
465;0.93675068868172862
466;0.93728663367857445
467;0.93783786643305
468;0.93844367793217209
469;0.93869723054395038
470;0.93972695191445121
471;0.9405940666568664
472;0.94171423246520514
473;0.94233779230812043
474;0.94345907800832296
475;0.9443542303826632
476;0.94536566343327011
477;0.94570826325077917
478;0.94598600969984359
479;0.94657264220268045
480;0.9471449117899392
481;0.94731727864469562
482;0.94776497302401175
483;0.94799991591574473
484;0.94845793710192861
485;0.88512463213036285
486;0.88388067553872751
487;0.88586093097559959
488;0.89113027943917267
489;0.8950846820091688
490;0.88961276501278652
491;0.8803137687847451
492;0.87085482060786756
493;0.85998401838306426
494;0.84843203514900489
495;0.8384085259895514
496;0.83684147071683834
497;0.83828944213345025
498;0.84226396027410566
499;0.85190282447325261
500;0.85332785213808193
501;0.85262813917297942
502;0.84753589462838552
503;0.84776254670868878
504;0.8549264751803537
505;0.86904535955988649
506;0.89129347318183483
507;0.91032557305966588
508;0.9136311792932702
509;0.91006220375220515
510;0.89868451411400074
511;0.88826340636914214
512;0.88793032474576317
513;0.89147259109246091
514;0.90376379341926583
515;0.9192992809958449
516;0.93115178810343269
517;0.9347182161923191
518;0.93312977449320111
519;0.92580222202347751
520;0.92005430125597487
521;0.91726622822490955
522;0.92600772089817329
523;0.94070603519607932
524;0.95237760159391527
525;0.95778343073589256
526;0.95785326487162192
527;0.95308952526943358
528;0.9450268641075763
529;0.93669116283031117
530;0.96629448814960583
531;0.96585796639443178
532;0.96550369931145097
533;0.96502215687665538
534;0.96498830456871598
535;0.96435633518357566
536;0.96368908918830776
537;0.96295765177295578
538;0.96231654709488901
539;0.96229928732588565
540;0.96191966505352433
541;0.96191044650547664
542;0.96173921062212708
543;0.96196021755973871
544;0.96188398900486505
545;0.96220458238517381
546;0.96226569312507682
547;0.96266888998956035
548;0.96362389361047407
549;0.96363052798006432
550;0.96431258497084582
551;0.96449816444616132
552;0.96472721861398869
553;0.96469455084616262
554;0.96496155319179588
555;0.96480702256089723
556;0.96463706444354225
557;0.96466920758349983
558;0.96471397544633275
559;0.96516477684963986
560;0.96560160449901622
561;0.96561916909809709
562;0.96571801586719253
563;0.96578589537185422
564;0.96612082198376359
565;0.96636696709155956
566;0.96647907697235413
567;0.96642363399843545
568;0.96643906961163384
569;0.96634635868564234
570;0.96542098630836248
571;0.96499511146857164
572;0.9650282466583785
573;0.9653463832337863
574;0.96590004268286489
575;0.96635522941805108
576;0.9666257663768415
577;0.96666513540054466
578;0.96641787249335764
579;0.96620407533310426
580;0.96615651918179279
581;0.96630289675592196
582;0.96632418792064312
583;0.966478760193894
584;0.96634099024873721
585;0.96759705405540986
586;0.9657327109100855
587;0.9647892501409735
588;0.96415266615279138
589;0.96438150695678748
590;0.96513057928569945
591;0.96515893234463945
592;0.96491149926742981
593;0.96484139582049788
594;0.96483943916199655
595;0.96545221869845277
596;0.96565724759063243
597;0.96565381910051951
598;0.96566529861978412
599;0.96565816063904431
600;0.96582667247033149
601;0.96569936922470923
602;0.96560311468366811
603;0.96525773722761421
604;0.96489696204312514
605;0.9643067470629435
606;0.96442498653214059
607;0.96432960844942661
608;0.96409788141684361
609;0.96415355442480677
610;0.964111157175085
611;0.96404493022366755
612;0.96363625965912836
613;0.96296597220941726
614;0.96316594175579051
615;0.96320864511071858
616;0.96355967105441209
617;0.96387122620611831
618;0.9642031002585375
619;0.96449314182211243
620;0.96450814595981393
621;0.96429092577066988
622;0.96381297364996821
623;0.96379302363118802
624;0.9640848492835643
625;0.96404896822627828
626;0.92653126936367458
627;0.92745783913349289
628;0.9299461511892908
629;0.93054361321665346
630;0.93058865046157491
631;0.93194668576657769
632;0.93291127798957074
633;0.93238780864725079
634;0.93143508291297528
635;0.93126373856633637
636;0.9297795709049953
637;0.92738176791164606
638;0.92460777795064442
639;0.92339817068206975
640;0.92127917933432213
641;0.91795683925542015
642;0.91671051100808831
643;0.91642255654560978
644;0.91681965737421756
645;0.91612808419163949
646;0.9134410831982227
647;0.9149160942665735
648;0.91604090561583396
649;0.91799579652406416
650;0.91904033557738007
651;0.92006103998553679
652;0.92130486341991646
653;0.92360179770708006
654;0.92503536361532412
655;0.92596296497868369
656;0.92739170447185204
657;0.9284530387792812
658;0.92980899052658583
659;0.93115175396723227
660;0.9323084884074242
661;0.93330110576931691
662;0.93438227588015277
663;0.93408132921111231
664;0.93418147592910439
665;0.93510333020095249
666;0.93568753234312962
667;0.93605267052005414
668;0.93499136131060978
669;0.9352730863861316
670;0.93605505583961668
671;0.93629433719106536
672;0.936714605381052
673;0.93629337386034361
674;0.93233863911412584
675;0.93135122346729937
676;0.9287064419144756
677;0.92522960089320305
678;0.92247722982224134
679;0.91946196823206194
680;0.91895260830003545
681;0.91804818371560504
682;0.91649971826593601
683;0.9143024427324441
684;0.91477771554565745
685;0.91450177905759689
686;0.91114882744864523
687;0.90994969404149983
688;0.9082621435609175
689;0.90612108555288384
690;0.90489530340744606
691;0.90477301554578193
692;0.90631543832892592
693;0.90760988429056333
694;0.90817599368434287
695;0.90842298212512684
696;0.90871407871444265
697;0.90759924792505264
698;0.90761438639473624
699;0.90844977877996091
700;0.90755955713339442
701;0.9765824196095213
702;0.97667589514759023
703;0.97689681092804825
704;0.97690495588851034
705;0.97687759675225305
706;0.97700799328817733
707;0.97712314947411205
708;0.97716520056716927
709;0.97716553606070666
710;0.97717524081546947
711;0.97716860224073931
712;0.97737853363092897
713;0.97745655107235696
714;0.97747082041643341
715;0.97743580572337008
716;0.97745354338574353
717;0.97745563585141892
718;0.97738601443530437
719;0.97731694743675612
720;0.97724131580868201
721;0.97730971618939078
722;0.97732264471956787
723;0.97732766623272704
724;0.97739160027383765
725;0.97744293131441051
726;0.97748241734218078
727;0.97752592309679998
728;0.97751696972554569
729;0.97739263094075002
730;0.97733118583601097
731;0.97737733538269245
732;0.97738374988060039
733;0.97739566322542548
734;0.97736434221794732
735;0.97737684957750648
736;0.97741192758507278
737;0.977402354270129
738;0.97735051848244692
739;0.97729466819577471
740;0.97730541990489972
741;0.97738180926795148
742;0.97738860220839818
743;0.97735465175362679
744;0.97724742377047946
745;0.97724211439680053
746;0.97723084344871769
747;0.97724192024852674
748;0.97728025503350113
749;0.97730890857933805
750;0.97734795650861295
751;0.97702807907736355
752;0.97707087326989894
753;0.9770425056810853
754;0.97703110557759576
755;0.97700895058549486
756;0.97694944271476425
757;0.97698620540167302
758;0.97709199555606119
759;0.97702556640823557
760;0.97709197592252695
761;0.97729610610149353
762;0.9773324914337036
763;0.97731297763469971
764;0.977174956761654
765;0.97714449182007912
766;0.97715822531856467
767;0.97718589166663694
768;0.97717224210624964
769;0.9771882727446225
770;0.97723120164962862
771;0.97729288620141697
772;0.97720511110621533
773;0.97728384051044082
774;0.97726494664670238
775;0.9772845808786208
776;0.97724139861623316
777;0.97728607492161457
778;0.97732253029542615
779;0.97744959343942073
780;0.97759688412020984
781;0.9775601140865311
782;0.97755104671422122
783;0.97753486135432344
784;0.97763692026077009
785;0.97766740044325118
786;0.97766951764805365
787;0.97764590058888445
788;0.97765316078103726
789;0.97758669646953134
790;0.97759448542758842
791;0.97765523737126159
792;0.97764341930519538
793;0.97768182852037133
794;0.97759711916347258
795;0.97759762546805207
796;0.97762525866613426
797;0.97758114127961615
798;0.97763602268492067
799;0.97759391601001022
800;0.9775908562856247
801;0.9775599616028694
802;0.97753936896806837
803;0.97761994248161466
804;0.9775727971163003
805;0.97755824844966177
806;0.97759268196914795
807;0.97760872137270971
808;0.97761434262840985
809;0.97761796491030883
810;0.97755085601783109
811;0.97730398255373752
812;0.97729604118474156
813;0.97739317252635693
814;0.97740215083721005
815;0.97744557090401751
816;0.97744506533975306
817;0.97747666345544759
818;0.97754135321251601
819;0.97760801476496106
820;0.97753523147947441
821;0.97754724330365517
822;0.97758359705890774
823;0.97758134544447839
824;0.97754757076646948
825;0.97752442599572753
826;0.97747079105561285
827;0.97748240121143859
828;0.97746649582131329
829;0.97747801391475453
830;0.97739683795316012
831;0.97744791912378115
832;0.97748622201981183
833;0.97748490332547655
834;0.97751283785441601
835;0.97753711474366189
836;0.97763303141220692
837;0.9776692864120955
838;0.97763069062893149
839;0.97767238955289082
840;0.97763420468682571
841;0.97764902823981659
842;0.97760649991390958
843;0.9776561772421567
844;0.97772365460521304
845;0.97646552001105247
846;0.97644616013815477
847;0.97644861227481705
848;0.97648261988690821
849;0.97652984154299705
850;0.9765645288898952
851;0.97656344806076878
852;0.97658427251221813
853;0.9765667850250821
854;0.97661769950341171
855;0.97664876098535169
856;0.97666471592623771
857;0.97671700809679596
858;0.9766940308793356
859;0.97666300974139941
860;0.97663724469908941
861;0.97667141778504651
862;0.976708364559427
863;0.97670563668419497
864;0.97676091232570228
865;0.97679366510125376
866;0.97681868696740148
867;0.97685231383940285
868;0.97688985095398961
869;0.9768770466010227
870;0.97690964185021656
871;0.97680009453478833
872;0.976820884450321
873;0.97689630534641003
874;0.97700567842662844
875;0.97710463183869178
876;0.97706301929977679
877;0.97713437437423312
878;0.97716067533813933
879;0.97718881552177483
880;0.97725313471937558
881;0.97722544866909622
882;0.9773404852701687
883;0.97754657925054889
884;0.97780533458194419
885;0.97684065429407241
886;0.97686538474237661
887;0.97677109657486128
888;0.97678944041175708
889;0.97681389137687558
890;0.97676316557675091
891;0.97681102460449554
892;0.97680724404436614
893;0.97677410947369203
894;0.97676633589926631
895;0.97674247925504298
896;0.97665603303362458
897;0.97669186612845083
898;0.97667457734141161
899;0.9767317673946655
900;0.97663206100800248
901;0.97662067765056093
902;0.97651532971409982
903;0.97644641590055459
904;0.9764542803014058
905;0.97648597834067807
906;0.9764454713922176
907;0.97636912731414183
908;0.97630358577705989
909;0.97638646132045614
910;0.97640756225850855
911;0.97629375329298174
912;0.97631704325315904
913;0.9761788301383203
914;0.97609123312827617
915;0.97609707128586531
916;0.97603281933399089
917;0.97587134285589749
918;0.97582902241787961
919;0.97585230524419853
920;0.97585398114737121
921;0.97585010517486714
922;0.97586479479651622
923;0.97588773841160581
924;0.97589454096185579
925;0.97591981415711737
926;0.97592728858583211
927;0.97593651926041658
928;0.97592155977617712
929;0.97591243116670445
930;0.97594859839862835
931;0.97571229321776665
932;0.97577374590046817
933;0.97583907018244809
934;0.97586476258601862
935;0.97592130720988524
936;0.97595284005327265
937;0.97596557359023117
938;0.97597230116471545
939;0.97597153736431885
940;0.97601150244365797
941;0.97603575406344179
942;0.97601871713683552
943;0.97601127209463467
944;0.97598498618715401
945;0.97598845791078004
946;0.9759713165752163
947;0.97602971881024481
948;0.9760715825536852
949;0.97611488452840878
950;0.97608867097123153
951;0.97613510562996009
952;0.9761829924787726
953;0.97621415484671981
954;0.97624987746740044
955;0.97623118528699415
956;0.97779056538300391
957;0.97809258358390117
958;0.97784505100767882
959;0.97753454636601333
960;0.97738163534699796
961;0.97727281384063081
962;0.97731317301342457
963;0.97739870017808073
964;0.97726390171238697
965;0.97717847439006544
966;0.97726438383830116
967;0.97759659378230135
968;0.97766057428444897
969;0.97776660712994268
970;0.97776853000100861
971;0.97777873501036838
972;0.97703281648319784
973;0.97687426672771027
974;0.97689196201872197
975;0.976811840472255
976;0.97694011527430169
977;0.97648432036388366
978;0.97623174347579866
979;0.97559687966912689
980;0.97543666077693048
981;0.97473660493912229
982;0.97479352799940477
983;0.97557504683979013
984;0.9755646915853623
985;0.97578897305569734
986;0.97576812832942394
987;0.9757877503931649
988;0.97547857066543842
989;0.97538577830278028
990;0.97576943469022015
991;0.97449687987978806
992;0.97454403703872261
993;0.97403373343663879
994;0.97430310988892876
995;0.97473571196035702
996;0.97575543511980967
997;0.97554209412750703
998;0.9753074971948088
999;0.97568203450911672
1000;0.97602021837054886
1001;0.97681222079989682
1002;0.97576385090736184
1003;0.97434509468586405
1004;0.97366983843671084
1005;0.97426967146824073
1006;0.97469275556397028
1007;0.97503182699336888
1008;0.97530720530231907
1009;0.97561753378936689
1010;0.97587302737112802
1011;0.9757246744621938
1012;0.97574464930877458
1013;0.97507979066998962
1014;0.97515411009076003
1015;0.97585364395826801
1016;0.97688872652005931
1017;0.97750272639981328
1018;0.97771605532015293
1019;0.95233292890057408
1020;0.95242985384211598
1021;0.95295759289927895
1022;0.95253625956569477
1023;0.95343006984216561
1024;0.95455610952143632
1025;0.95521790797044837
1026;0.95608375523826405
1027;0.95784510933659972
1028;0.95860932593983139
1029;0.95835434118535823
1030;0.95938681281824023
1031;0.96142814820107036
1032;0.96260474804899077
1033;0.96282819300687938
1034;0.96259964547341315
1035;0.96194731656452548
1036;0.96146007688357682
1037;0.96093453202090817
1038;0.96090524668544464
1039;0.96049966621845451
1040;0.96006081762100171
1041;0.95953662811133777
1042;0.9601044589769282
1043;0.96099327880256347
1044;0.96195933168264847
1045;0.96307084207704452
1046;0.96395879460641387
1047;0.96403187806437596
1048;0.96503732542904774
1049;0.96592192662127996
1050;0.96703474811168444
1051;0.96918893646126603
1052;0.96953714655180756
1053;0.97067000946185955
1054;0.97188893038177471
1055;0.97238440651481317
1056;0.9718975725058524
1057;0.97207452427573615
1058;0.97099860363682577
1059;0.9701490447309723
1060;0.96925322153558136
1061;0.96891819012021552
1062;0.96872517307900952
1063;0.97023644992894509
1064;0.97159452381990696
1065;0.97269033403309757
1066;0.97327544131514232
1067;0.97306607317466465
1068;0.97287604702287811
1069;0.9734166387294132
1070;0.97236420801587176
1071;0.97288979325132363
1072;0.97342305562043274
1073;0.97327456627263975
1074;0.97370755044643331
1075;0.97230578863098227
1076;0.97226364332324078
1077;0.97163446767379857
1078;0.97078674472199677
1079;0.97109050775381667
1080;0.96956844850030421
1081;0.96907476984442098
1082;0.96817448527399042
1083;0.96634337455208219
1084;0.96488940161186632
1085;0.96398841478976593
1086;0.9638053000979282
1087;0.9713162924356904
1088;0.97082611227227245
1089;0.97229215468080121
1090;0.97245695792387277
1091;0.97177209739800463
1092;0.97227998937267224
1093;0.97268609018144503
1094;0.97092871150764393
1095;0.96962345828735763
1096;0.96804859226582707
1097;0.96564962030284474
1098;0.9668849723432329
1099;0.96591263489014267
1100;0.96561810225092737
1101;0.96690342009010821
1102;0.96798544134473341
1103;0.96936920107752955
1104;0.96853686697348529
1105;0.96823859906607734
1106;0.96638454262090689
1107;0.96669196069614183
1108;0.96731820172413352
1109;0.9687166929317087
1110;0.96962669193856121
1111;0.96932975886309469
1112;0.97010781404144986
1113;0.97064959386708183
1114;0.97095215243207744
1115;0.97083341030808834
1116;0.97067171955471343
1117;0.96999460045775943
1118;0.96923930655004076
1119;0.96713716757753976
1120;0.96583282543270654
1121;0.96600573583977123
1122;0.96485369089547568
1123;0.96511251983703006
1124;0.96576547070750562
1125;0.96856194314902933
1126;0.96883364480046708
1127;0.96930105033888603
1128;0.97072473757830335
1129;0.97182803832627973
1130;0.97216003084241165
1131;0.97370942151014661
1132;0.9742262980752594
1133;0.9738193919440794
1134;0.97389703893613266
1135;0.97467975847183475
1136;0.97538024839201165
1137;0.97554400999765956
1138;0.97505639255805943
1139;0.9749773557137893
1140;0.9747968766171089
1141;0.9745764402946776
1142;0.96687155915438572
1143;0.96804921553356127
1144;0.96857093024336627
1145;0.96829212344968463
1146;0.96826084485807296
1147;0.96844090125819982
1148;0.96799117125883649
1149;0.9679124375179271
1150;0.96816176958609346
1151;0.96827721911954012
1152;0.96792581117246823
1153;0.96823517272891102
1154;0.96806579127332026
1155;0.96776582224819185
1156;0.96733265503524457
1157;0.96781981867450717
1158;0.96759429327482049
1159;0.96819172691203381
1160;0.96853561444114655
1161;0.96877526885735821
1162;0.96824462629593366
1163;0.96896153558438147
1164;0.96943830769774675
1165;0.96977959123085433
1166;0.96921978624916394
1167;0.96862096507621953
1168;0.96906876230269512
1169;0.96907470136090634
1170;0.96820931449565339
1171;0.96837838680920896
1172;0.96947135285771624
1173;0.96942105614077279
1174;0.96967100608096213
1175;0.96954370132861911
1176;0.96993934842847818
1177;0.97002763993280439
1178;0.97020707014333929
1179;0.96912867488880927
1180;0.97002166600060646
1181;0.96980942727756936
1182;0.96965536504781147
1183;0.97002907309475617
1184;0.97003687577435549
1185;0.96917722095833281
1186;0.96760950566274018
1187;0.97629207725524403
1188;0.97695418320333316
1189;0.97714676362696185
1190;0.97721089488065349
1191;0.97727975532538314
1192;0.97726472665885111
1193;0.97733866897066535
1194;0.97739724202513212
1195;0.97747826611337474
1196;0.97756565713723254
1197;0.97768634117566866
1198;0.97769185479179388
1199;0.97774751656110148
1200;0.97765104788315771
1201;0.9774863295368813
1202;0.9772013687937311
1203;0.97714081542076692
1204;0.97707260032532661
1205;0.97702321286004878
1206;0.97699999408917959
1207;0.9769127198001184
1208;0.97691547594435402
1209;0.97689543680838509
1210;0.97690804041114243
1211;0.97692228043310014
1212;0.97676919972047405
1213;0.97672281840982178
1214;0.97671014676006374
1215;0.97680067063309195
1216;0.97680772208704825
1217;0.97673937854365955
1218;0.97686907246301935
1219;0.97700994852164613
1220;0.97700935545673484
1221;0.97704074918570771
1222;0.97711821923693543
1223;0.97726148966176896
1224;0.9772789211447922
1225;0.97731183527508647
1226;0.97751981599889248
1227;0.97772348020049005
1228;0.97776770472137342
1229;0.97772080553881024
1230;0.97772223899079325
1231;0.97756610855267267
1232;0.97734269957497766
1233;0.97734065115026669
1234;0.97724338828232449
1235;0.97725781082953034
1236;0.97707559492348661
1237;0.97718101185394579
1238;0.97716263841965578
1239;0.97695296209319216
1240;0.9769006256681847
1241;0.97695298573627265
1242;0.97703924555518373
1243;0.97699213423125508
1244;0.97714014912841285
1245;0.97706082632335611
1246;0.97610955298329805
1247;0.97681569943136026
1248;0.97686275891568142
1249;0.97690484652050791
1250;0.97697313957548471
1251;0.97693827690616331
1252;0.97707157523331589
1253;0.97709263061595253
1254;0.97702655163475327
1255;0.97710307941726249
1256;0.97720953505901942
1257;0.97759777251694902
1258;0.97761159961813104
1259;0.97761564550034441
1260;0.97760464828894267
1261;0.97748781800100537
1262;0.97751693587634192
1263;0.97744042719966362
1264;0.97732221363756711
1265;0.97730233614946826
1266;0.97736492962485944
1267;0.9773811627631821
1268;0.97737025466637972
1269;0.97732975595303939
1270;0.97741818043245743
1271;0.97742273759838605
1272;0.97744931760963916
1273;0.97748240801153763
1274;0.97748855594141415
1275;0.97754230965238664
1276;0.97753483958777831
1277;0.97757226566333544
1278;0.97758122424278238
1279;0.97763472926704065
1280;0.97764316591230549
1281;0.97763661609691122
1282;0.97767915675491845
1283;0.97765611186531043
1284;0.97772186945886674
1285;0.97763288349839128
1286;0.9775890807851223
1287;0.97756825186548757
1288;0.97750174742553708
1289;0.9775759678270235
1290;0.97764199520580863
1291;0.97754176216676458
1292;0.97764295753698893
1293;0.97761034248099277
1294;0.97756334110581422
1295;0.97758606107547485
1296;0.97764424337699596
1297;0.97765267936588629
1298;0.9776637843302427
1299;0.97764945096950506
1300;0.9775993168323367
1301;0.97763742541992349
1302;0.97771366418133088
1303;0.97763917308058168
1304;0.9777032618309548
1305;0.97770665831723336
1306;0.97715201768163495
1307;0.97725403693368718
1308;0.97728565200385664
1309;0.97729513823414926
1310;0.97725688206966688
1311;0.97734977961624214
1312;0.9774758666597001
1313;0.97743677305453258
1314;0.97745336433234264
1315;0.97756259433530213
1316;0.97756453032458923
1317;0.97765561032263648
1318;0.97765091606002208
1319;0.97767662797294441
1320;0.97768464522606346
1321;0.97767263045366637
1322;0.97760694783993973
1323;0.97769654993233934
1324;0.97777473829270412
1325;0.97777164720404752
1326;0.97768047898222676
1327;0.97768343379470368
1328;0.9775749735672522
1329;0.97755189010000021
1330;0.97758951923419579
1331;0.9775642723619925
1332;0.97764791126582762
1333;0.97758048474038017
1334;0.977636759098087
1335;0.97771288492301589
1336;0.97770143788686836
1337;0.97769013249988779
1338;0.97770043601792889
1339;0.9776577671267459
1340;0.97766351854859723
1341;0.97765625532685574
1342;0.97772258956683689
1343;0.97776474798617874
1344;0.97782754863484223
1345;0.9778323304835006
1346;0.97789877493843158
1347;0.97796909950774213
1348;0.9780462436989118
1349;0.97804931947049401
1350;0.97802010779292647
1351;0.97804104073057629
1352;0.97804652779620282
1353;0.97810164175650594
1354;0.97805336177608115
1355;0.97809268341647848
1356;0.97798864637428118
1357;0.97806095436730145
1358;0.97800846742451353
1359;0.97806286593066327
1360;0.97804576788690689
1361;0.97806267214165099
1362;0.97803547267149604
1363;0.97784479493668464
1364;0.97789764722714612
1365;0.97799608059919685
1366;0.97753615504725544
1367;0.97759567965958594
1368;0.97780247545490606
1369;0.97775628804251957
1370;0.97778583040435063
1371;0.97784138900479378
1372;0.97785433953299383
1373;0.97792637292217321
1374;0.97797016925436553
1375;0.97802738214897433
1376;0.97802437890119731
1377;0.97785291605196278
1378;0.97791797224746313
1379;0.97780773887833261
1380;0.97780171806168359
1381;0.97787825008555018
1382;0.97786699317868897
1383;0.97791618728187324
1384;0.97795521137820041
1385;0.97789237665993922
1386;0.97791676822706908
1387;0.97780467378645963
1388;0.97782861432998913
1389;0.9779773837582012
1390;0.97799008263885912
1391;0.97791650707430644
1392;0.97806831069404465
1393;0.97774507152487111
1394;0.97778115326029147
1395;0.97775195905558154
1396;0.97752797531220448
1397;0.97752437327709862
1398;0.97779220494352537
1399;0.97778625012563636
1400;0.97779468598481578
1401;0.97770313790438346
1402;0.97764990416260167
1403;0.97761983659569096
1404;0.97759171510120968
1405;0.97768291468306534
1406;0.9776385289060574
1407;0.97774195952154874
1408;0.97769252224145509
1409;0.97790941684597799
1410;0.97793565855177322
1411;0.9778333702827311
1412;0.97782493535400117
1413;0.97783055925346851
1414;0.97770003580085718
1415;0.97773061254629967
1416;0.97775459016333366
1417;0.97778677886490228
1418;0.97781375639404999
1419;0.95550923413602307
1420;0.94048578534946792
1421;0.89627426336956462
1422;0.84785415142303666
1423;0.80863618168201534
1424;0.79303573137928074
1425;0.76580650395564243
1426;0.73755800051024756
1427;0.7138929104731867
1428;0.72920606080608641
1429;0.73809080588700682
1430;0.75667125216251463
1431;0.74065222589126489
1432;0.76136408946102263
1433;0.78171109200952671
1434;0.78810762138893575
1435;0.7928025537861918
1436;0.77340300283967711
1437;0.78709574847938313
1438;0.80155053037625501
1439;0.80648657031378423
1440;0.81000462113037042
1441;0.80748102706365998
1442;0.80390049577442302
1443;0.80603572818503832
1444;0.81147268811547713
1445;0.81396972517834154
1446;0.81827728399431077
1447;0.82249594418246319
1448;0.82125769131448245
1449;0.82234938451205475
1450;0.82846264756289423
1451;0.83177085916154658
1452;0.83430727861526388
1453;0.83523214095584575
1454;0.83074869508065829
1455;0.80478563220662469
1456;0.80620245024380577
1457;0.81555683236188903
1458;0.79119630789041318
1459;0.76222715363837623
1460;0.74119876055946676
1461;0.72144237739682793
1462;0.96081991745864981
1463;0.96019045412491277
1464;0.96163605712173517
1465;0.96067944288301843
1466;0.96118068632975084
1467;0.96148934045089007
1468;0.96224166582739989
1469;0.96171669951513239
1470;0.96180902606458596
1471;0.96181366199880913
1472;0.96247797399987245
1473;0.96236274454220783
1474;0.96226664360979997
1475;0.96246393684881171
1476;0.96199771770995424
1477;0.96199580732333789
1478;0.96276031024805553
1479;0.96308787329617362
1480;0.96329933321811112
1481;0.96326524951845138
1482;0.96309937151870939
1483;0.96313848571369753
1484;0.96311227583965497
1485;0.96348961365896613
1486;0.96272934279496281
1487;0.96279119858065532
1488;0.96348734282877024
1489;0.96337845969341362
1490;0.96359116085568752
1491;0.96249894171836214
1492;0.96226198915578398
1493;0.96249793827338559
1494;0.97256120478165964
1495;0.97258691653682217
1496;0.97168035841675204
1497;0.97138767677067983
1498;0.97289553363746373
1499;0.97590076405499993
1500;0.97295177073721917
1501;0.97305674356294114
1502;0.97172569070021397
1503;0.9725011306793947
1504;0.96831316283122626
1505;0.96990292707341741
1506;0.97069347455764143
1507;0.96997581771486119
1508;0.96935996898081789
1509;0.97087660923581376
1510;0.97176117789533789
1511;0.97223102495988989
1512;0.97157360708339113
1513;0.97120030560507653
1514;0.9714143036065318
1515;0.97119480878429632
1516;0.97067760962754956
1517;0.97022833657128615
1518;0.97027437471381661
1519;0.97000217164312097
1520;0.96955836335855017
1521;0.96991362753230448
1522;0.96964380914937798
1523;0.96921910793593624
1524;0.96965002977649484
1525;0.96996313932185296
1526;0.96962574847791716
1527;0.96922441860866804
1528;0.96935588496515634
1529;0.96935017893347242
1530;0.96904054027505659
1531;0.9695816890932627
1532;0.96962672801861505
1533;0.96985506779184449
1534;0.97027149537578006
1535;0.97037709532062133
1536;0.97052243101348035
1537;0.96158885992315968
1538;0.96177826317063297
1539;0.96228479295605274
1540;0.96314769576542458
1541;0.96307426634496207
1542;0.963894187052595
1543;0.96427704198746389
1544;0.96421290546199057
1545;0.96437139523005255
1546;0.96433624664792561
1547;0.96429828973449416
1548;0.9642169040730697
1549;0.96462567000081034
1550;0.96466397353984279
1551;0.96447479296045191
1552;0.96453917217403007
1553;0.96445401953540288
1554;0.96445966389789051
1555;0.96474453409187644
1556;0.96468906251101461
1557;0.9648370038931362
1558;0.96507612034344692
1559;0.96505104694916766
1560;0.96510967621604393
1561;0.96488906275265784
1562;0.96498952586747722
1563;0.96487960444652587
1564;0.96502824781041829
1565;0.96546774645169253
1566;0.96546585459142309
1567;0.9656283941629068
1568;0.96568522417936187
1569;0.9656460999513925
1570;0.96578744241129322
1571;0.96605273846947581
1572;0.96597914866826173
1573;0.96649044128246542
1574;0.96636299057604746
1575;0.96657792326623171
1576;0.9668154065856337
1577;0.96689468975751769
1578;0.96618882643903048
1579;0.96618339145536647
1580;0.9649805806528734
1581;0.96386023709618285
1582;0.964000466182791
1583;0.96281611866112915
1584;0.9617721648820039
1585;0.96193474511578358
1586;0.96137141944422444
1587;0.96114696641154218
1588;0.96117540148574843
1589;0.96110763228505802
1590;0.9607603995804137
1591;0.96107367165096025
1592;0.96089976523297027
1593;0.96202345724626503
1594;0.96209991010034013
1595;0.96216467512899428
1596;0.96287861329624636
1597;0.96230943566441318
1598;0.96221649932457887
1599;0.96304171832194396
1600;0.9637926852128621
1601;0.96359224703194313
1602;0.96340769406724391
1603;0.96356049345478934
1604;0.96347876214048445
1605;0.96355673532429753
1606;0.96422226223896745
1607;0.96418477094039345
1608;0.96441470504673266
1609;0.96455904726499353
1610;0.96451534829013208
1611;0.96434331537072626
1612;0.96469193675349196
1613;0.96463027310344918
1614;0.96473652715894453
1615;0.96409825351769007
1616;0.96486226102775474
1617;0.96334874692605066
1618;0.96275180668067584
1619;0.96229592596741953
1620;0.9623476868926506
1621;0.96244747416597143
1622;0.96260321140157057
1623;0.96248246007175586
1624;0.9624717217618326
1625;0.96237593732131199
1626;0.96333912314085679
1627;0.96331967244081929
1628;0.96320061322202266
1629;0.96308689471998865
1630;0.96305168658225992
1631;0.96305175118704067
1632;0.96312040766075635
1633;0.96321101622966532
1634;0.96336640994931266
1635;0.96336243994463633
1636;0.96337936339492491
1637;0.9633663294649123
1638;0.96333870913133102
1639;0.96324097493778338
1640;0.96319396172554239
1641;0.96320024704346374
1642;0.96317066184683398
1643;0.96318015559878423
1644;0.96316723005502669
1645;0.96316048974851665
1646;0.96321661345118326
1647;0.96317658488082691
1648;0.96322569827273341
1649;0.96324453315042458
1650;0.96324682209420898
1651;0.96327336035055622
1652;0.96326152291577583
1653;0.96326029454126161
1654;0.96326836815549099
1655;0.96329864378147123
1656;0.96327873448566204
1657;0.96326302769074057
1658;0.9632946657442093
1659;0.96331902197869379
1660;0.96335452365560392
1661;0.96336373453404955
1662;0.96336163438484745
1663;0.9633676294725152
1664;0.96331396489858867
1665;0.96332111196482284
1666;0.96337460858021329
1667;0.96338827304571772
1668;0.96339044179588784
1669;0.96339740627218784
1670;0.96341548374898367
1671;0.96344000389749229
1672;0.96338123283908694
1673;0.96339617206923178
1674;0.96340902975841525
1675;0.96341053756154493
1676;0.96340694862116205
1677;0.9634492348341801
1678;0.96345932680514879
1679;0.96345403936611473
1680;0.96343104297011117
1681;0.96342034365928231
1682;0.96339523676743144
1683;0.96340979228427925
1684;0.96341037721846434
1685;0.96341643149955358
1686;0.96321827935625348
1687;0.96319000606055405
1688;0.96317909812972702
1689;0.96315216081153798
1690;0.96314785400896141
1691;0.96316972251505573
1692;0.96320799321732109
1693;0.96320829513154504
1694;0.9632147664375551
1695;0.96321068774137764
1696;0.96324351766819039
1697;0.96324548907828722
1698;0.96322922635542019
1699;0.96322230593916103
1700;0.96321117688459157
1701;0.96320906055617894
1702;0.96321270486107291
1703;0.96320030300079218
1704;0.96317490470955469
1705;0.96315673974098315
1706;0.96314327574181302
1707;0.96312847858865658
1708;0.96311945095332419
1709;0.96311607307949454
1710;0.96312077635747539
1711;0.91073420591815213
1712;0.91122919815373171
1713;0.9106753071456174
1714;0.91058566707960908
1715;0.91053100354076721
1716;0.91033839999393029
1717;0.91060968306460532
1718;0.91067254924712637
1719;0.91068153563586896
1720;0.9106918365758162
1721;0.91075353443335727
1722;0.9108801422245798
1723;0.91075986407658449
1724;0.91086675717178067
1725;0.91087520150174017
1726;0.91112548446147645
1727;0.91101575221409647
1728;0.91101784961697019
1729;0.91101787372919318
1730;0.91109142051657122
1731;0.91097426105087875
1732;0.91108169349905554
1733;0.91099151091469899
1734;0.91103963451254244
1735;0.91110854211663328
1736;0.91119713802734714
1737;0.91120483909218786
1738;0.91116393684686858
1739;0.91110455731675277
1740;0.91124281359593384
1741;0.91114790273813895
1742;0.91119734132034869
1743;0.91123853840657376
1744;0.91118751448630442
1745;0.91134987821358659
1746;0.91151613471929926
1747;0.91146489745351833
1748;0.91143847833168889
1749;0.9114530651393955
1750;0.91136256741903265
1751;0.91111464631060091
1752;0.91127073567777928
1753;0.91133516835693673
1754;0.91137304166309396
1755;0.911343276612817
1756;0.91137403400100836
1757;0.91131859293094875
1758;0.91134070912981113
1759;0.91126510078018197
1760;0.91130971161955521
1761;0.91126030063091612
1762;0.91131249335679354
1763;0.91133054747845643
1764;0.91129891896674731
1765;0.91132665516234579
1766;0.91134186165173425
1767;0.91139476430248945
1768;0.9114715978171487
1769;0.95731901284825061
1770;0.95753888609037874
1771;0.95782398043949657
1772;0.95807190938811937
1773;0.95832579316356348
1774;0.95856298890798264
1775;0.95884796443833664
1776;0.95910269038668261
1777;0.95930576167232595
1778;0.95948063893180013
1779;0.95967920090885772
1780;0.95979717106244578
1781;0.95995252542800436
1782;0.96009251396226269
1783;0.96017114715959317
1784;0.96038111559960715
1785;0.96040735768417895
1786;0.96059666549793532
1787;0.96076840244961725
1788;0.96078816007528445
1789;0.96068150671690122
1790;0.96059877973849306
1791;0.96063628436390436
1792;0.96070340017595457
1793;0.96072610209976683
1794;0.96085601108142316
1795;0.96112737954052407
1796;0.96114515733712647
1797;0.96127695861895346
1798;0.96132457585015296
1799;0.96131548380649645
1800;0.96138959986858796
1801;0.96127314712236578
1802;0.9612909296965686
1803;0.96129559223727057
1804;0.96237313442311678
1805;0.96128356045315499
1806;0.96168066496237303
1807;0.96146807957452818
1808;0.96034395825640551
1809;0.96074002064577391
1810;0.96050527209919501
1811;0.96085288456641205
1812;0.96091142815860564
1813;0.96148901156594091
1814;0.96168554235376991
1815;0.96073243301845868
1816;0.96168719847887396
1817;0.96056701040745152
1818;0.96026542060753872
1819;0.9595336861220275
1820;0.96025365579678557
1821;0.96037566216025227
1822;0.96062123065881344
1823;0.96013901653589551
1824;0.95953420045359228
1825;0.95924320353099246
1826;0.95948873411750812
1827;0.9581242822425029
1828;0.95800991581622508
1829;0.95858899663134234
1830;0.95897646954306159
1831;0.95900417825649975
1832;0.95850188891134325
1833;0.95873917733640379
1834;0.9590829691901116
1835;0.95977469085206701
1836;0.96068122011245349
1837;0.96051141663095529
1838;0.96104724872932501
1839;0.96144673708605854
1840;0.96208822148676576
1841;0.96120412067999128
1842;0.96104800863039519
1843;0.96174859203618257
1844;0.96153617478411479
1845;0.96195095384049367
1846;0.96168477405811981
1847;0.96243929061511013
1848;0.96236648660846413
1849;0.96212679639272136
1850;0.96185168790312958
1851;0.96225729109053515
1852;0.96253843601004674
1853;0.96277686078221225
1854;0.96314333434874699
1855;0.9629556535337741
1856;0.961937412057146
1857;0.97143037488040274
1858;0.97116104883828447
1859;0.97108655935559252
1860;0.97114072237963156
1861;0.97122554197020239
1862;0.97128591600539005
1863;0.97126336414767045
1864;0.97134497066502068
1865;0.97126686824182784
1866;0.97100830295116702
1867;0.97100552094640535
1868;0.97095281925454846
1869;0.97081441518669465
1870;0.97070837387307707
1871;0.97064585900638456
1872;0.97068497884870653
1873;0.97065932012292466
1874;0.97063740468066839
1875;0.97063538780876579
1876;0.97059306665211176
1877;0.97053110808506238
1878;0.97045415260093537
1879;0.97040616810626279
1880;0.97035560161327772
1881;0.97043582101637382
1882;0.97038040933136027
1883;0.970470029726067
1884;0.97050354690277874
1885;0.97041586829236715
1886;0.9704769373185711
1887;0.97043955745392574
1888;0.97038230418474225
1889;0.97021255920727589
1890;0.97022472973082019
1891;0.9702351482385021
1892;0.96998519687712914
1893;0.96980534958182885
1894;0.96985202973191498
1895;0.96986164558745358
1896;0.96890081224729341
1897;0.96905280520825043
1898;0.9692608903879335
1899;0.96920694921117179
1900;0.96892786409831744
1901;0.96828621188184594
1902;0.96636973938002158
1903;0.96404867820155771
1904;0.96220190353455548
1905;0.96241133350503616
1906;0.96405147458188256
1907;0.96447996091308863
1908;0.96383204911852161
1909;0.96155702505591889
1910;0.96170461743143654
1911;0.96171864646240235
1912;0.96185448908062565
1913;0.96205060225686856
1914;0.96217520464763895
1915;0.96231203058269066
1916;0.96197160421683625
1917;0.96198275395665955
1918;0.96199817581200342
1919;0.96200596061206722
1920;0.96204357831807152
1921;0.96222345550176358
1922;0.96223643432475148
1923;0.96223501379837417
1924;0.96221426790746167
1925;0.96224245971498623
1926;0.96226284794571082
1927;0.96230055447099805
1928;0.96236138370703406
1929;0.96235464777336732
1930;0.95912058002476497
1931;0.95924057156086473
1932;0.95867659968228969
1933;0.95821208964889981
1934;0.95907776489257768
1935;0.96026483620799696
1936;0.96061783142700274
1937;0.95924966476454376
1938;0.95955350689662589
1939;0.96020258211518228
1940;0.95951409033745894
1941;0.95865682881233827
1942;0.95822469758397055
1943;0.96046126697618062
1944;0.96050893235614232
1945;0.96057995055602308
1946;0.95913355783211307
1947;0.95842299972249745
1948;0.95770940759217482
1949;0.95847531614891524
1950;0.95974443741727256
1951;0.96124859649583105
1952;0.96221044943532286
1953;0.96221744998286074
1954;0.96205874617632359
1955;0.96170301818347259
1956;0.96178343930835208
1957;0.96071216057771103
1958;0.95998470818147552
1959;0.95876307909697178
1960;0.95713730882684467
1961;0.95580133583846183
1962;0.95614011786055053
1963;0.95728121338547678
1964;0.95740632835897022
1965;0.95692624655734737
1966;0.95615689793435454
1967;0.95462932535879197
1968;0.95321711706302092
1969;0.95428420323491914
1970;0.95555655323537936
1971;0.95686059194364403
1972;0.95774261199075095
1973;0.9579327525171738
1974;0.96625202591661707
1975;0.96727340764545855
1976;0.96676440019430976
1977;0.96667217034657515
1978;0.96633012527332929
1979;0.96588544933889697
1980;0.9659004562234943
1981;0.96481580029914549
1982;0.96521187471052317
1983;0.96576737990177386
1984;0.96644072161320116
1985;0.96643815597796734
1986;0.96679272281106599
1987;0.96673706815445226
1988;0.96669283158983432
1989;0.96624352673510638
1990;0.96347692990728884
1991;0.96276594241588087
1992;0.96268328607492026
1993;0.96326870184998847
1994;0.96348689310714086
1995;0.96343740094699803
1996;0.96363336052157678
1997;0.96379742411401725
1998;0.96389337009714393
1999;0.96378542752357033
2000;0.96338399252934848
2001;0.96350714992081121
2002;0.96262143532322741
2003;0.96347493474734769
2004;0.9639345849053681
2005;0.96420859882831789
2006;0.96368721553699233
2007;0.9640032358435785
2008;0.96400739503384303
2009;0.96361882262602006
2010;0.96447575198558488
2011;0.96446071746670925
2012;0.96370510473266846
2013;0.95993528871682332
2014;0.95992729235345831
2015;0.96021007263157565
2016;0.96042142871687697
2017;0.95910552492298429
2018;0.95910149786309684
2019;0.95914296081720019
2020;0.96066700618573719
2021;0.96150788849369395
2022;0.96161863874741083
2023;0.961467894943553
2024;0.96146113077837492
2025;0.96093241044545119
2026;0.96069078951214959
2027;0.96071648366815643
2028;0.96053419374824778
2029;0.9613209504041047
2030;0.96143202701368591
2031;0.96103369256250382
2032;0.96049511941431087
2033;0.96055751700582348
2034;0.96081373647550727
2035;0.96142116172251746
2036;0.96262003133952323
2037;0.96253210888060348
2038;0.96249498618585516
2039;0.96195249381825498
2040;0.96354759957004499
2041;0.96440134029865032
2042;0.96297487915499791
2043;0.9630961406428068
2044;0.96426657309623076
2045;0.9661904287038573
2046;0.96564692948307607
2047;0.96493995326093029
2048;0.96503410052975747
2049;0.96441247267870456
2050;0.96380777542320051
2051;0.96522992095536209
2052;0.96434824411278741
2053;0.96447998237207155
2054;0.9664138699940088
2055;0.96493118900409802
2056;0.96314333899463578
2057;0.96202050613737866
2058;0.96150045333856293
2059;0.95948767308448357
2060;0.95778906746757086
2061;0.95887415537615839
2062;0.96252740403884574
2063;0.96363280544995589
2064;0.9641377323585989
2065;0.96444543932320148
2066;0.96498508604481925
2067;0.96544565816666783
2068;0.96558294723880911
2069;0.96564718179987541
2070;0.96573426289858932
2071;0.9658502406802093
2072;0.96552347454707321
2073;0.96531590772963405
2074;0.96481270140030173
2075;0.96514002438853996
2076;0.96476997910561113
2077;0.96523847223552872
2078;0.9651162374610841
2079;0.9652299182894839
2080;0.96460134105140982
2081;0.9627633135323973
2082;0.9633254979124769
2083;0.96313467712120138
2084;0.96302557559098978
2085;0.96271776661539077
2086;0.96240742936077017
2087;0.96215441024513026
2088;0.96196000242359581
2089;0.96304507512886983
2090;0.96288952150072249
2091;0.96397882666003409
2092;0.96431791627536945
2093;0.96455051542046555
2094;0.96399604765489255
2095;0.96388543725672648
2096;0.96434350424774673
2097;0.96389066650658106
2098;0.96539327882007731
2099;0.96593367214978498
2100;0.96716364304241242
2101;0.96749970305671007
2102;0.96706873290959683
2103;0.96560606744532307
2104;0.96377436863640142
2105;0.96188687079406388
2106;0.95972335734527814
2107;0.96013848032665305
2108;0.95945894023406353
2109;0.96078311993967835
2110;0.96339633504133781
2111;0.96391820020661223
2112;0.9614997995915302
2113;0.9612307949207034
2114;0.96059876884349604
2115;0.96018363183188071
2116;0.95902576123444205
2117;0.95943391050272642
2118;0.96025032328276283
2119;0.96026667383890851
2120;0.96114558080230017
2121;0.96060508625284868
2122;0.96661456061466089
2123;0.96632788885106435
2124;0.96608297200043991
2125;0.96580798577796323
2126;0.9660732708997829
2127;0.96561639985984893
2128;0.96571365105193208
2129;0.96559351067087196
2130;0.96546165746054247
2131;0.96554107332924788
2132;0.96549280775858481
2133;0.96533679301094566
2134;0.96533716008157677
2135;0.96532807670586351
2136;0.96526481089605165
2137;0.96513753368646171
2138;0.9652051381349781
2139;0.96536640605079949
2140;0.96519526638245345
2141;0.96508483389380773
2142;0.96518763768724281
2143;0.96536737964687014
2144;0.96526387107743383
2145;0.96525472268157464
2146;0.96541186777995835
2147;0.96536070766171578
2148;0.96536126304886216
2149;0.9652895232474884
2150;0.96544982009644609
2151;0.9655931064396549
2152;0.96553673677801244
2153;0.96643398745741638
2154;0.96524347373038188
2155;0.96499845457185973
2156;0.96486585542013836
2157;0.96490577686867141
2158;0.96837811180639932
2159;0.96802173137735625
2160;0.96792733947490806
2161;0.96880429147491853
2162;0.96841037470209046
2163;0.96598269155402616
2164;0.96522999838839785
2165;0.96733154403043897
2166;0.96688870138936844
2167;0.9659812599448222
2168;0.96545574954156288
2169;0.96537378376065119
2170;0.96547660946525271
2171;0.96582977057734631
2172;0.96571764721592079
2173;0.96542123726874474
2174;0.96468160914917367
2175;0.96369491363418291
2176;0.96404925348701009
2177;0.96240816002468821
2178;0.96254582821209411
2179;0.96201370064250125
2180;0.96057831904003477
2181;0.95806394335216649
2182;0.95742641878675794
2183;0.95658017221268321
2184;0.95545230282086013
2185;0.95575408684764684
2186;0.95682268835132744
2187;0.96012925932236248
2188;0.96232908315696064
2189;0.96411749223061982
2190;0.96683049873893845
2191;0.96812615427258297
2192;0.96895309920641259
2193;0.9709583544564373
2194;0.97176545122050628
2195;0.97160397363824424
2196;0.97096257646135076
2197;0.97092890577493207
2198;0.97122186134003885
2199;0.97019465928945758
2200;0.97921094414531529
2201;0.97920824891683866
2202;0.9790303132295779
2203;0.97917415340618386
2204;0.97943958174750534
2205;0.97957045383523389
2206;0.97962327901230184
2207;0.98005856823206416
2208;0.98006103220871266
2209;0.9798553384921086
2210;0.98007118410234462
2211;0.98010748240891066
2212;0.98015280221848533
2213;0.98018207866183105
2214;0.98089938857488568
2215;0.98078127674490478
2216;0.98093260207716648
2217;0.98082390201267289
2218;0.980762037568367
2219;0.9808374406370306
2220;0.98048312870696019
2221;0.98012165882276037
2222;0.97977990684675931
2223;0.97981388653689705
2224;0.9798302263741977
2225;0.97994465019013899
2226;0.98004016141511174
2227;0.9799446083013007
2228;0.97990838642627875
2229;0.98009277018044116
2230;0.97995333048098365
2231;0.97961236879022873
2232;0.97974484722466204
2233;0.9795558750964658
2234;0.97951741927876768
2235;0.98013556483108455
2236;0.98026388178401735
2237;0.98036836167338715
2238;0.98036816543263805
2239;0.98057320672495563
2240;0.98015952413770147
2241;0.98042748866473595
2242;0.98064872642915402
2243;0.98044327274628773
2244;0.9801177630600898
2245;0.97999412060650826
2246;0.97995833407873978
2247;0.97965879007088019
2248;0.97967050973564085
2249;0.97958986982851193
2250;0.97955326020200773
2251;0.97877044589683981
2252;0.97942234927108729
2253;0.97952849731551705
2254;0.979343251808655
2255;0.97950025355292858
2256;0.97975308698237229
2257;0.97930031647373939
2258;0.97974856184857295
2259;0.97944973872987662
2260;0.97887486886994513
2261;0.9787489262913498
2262;0.9788054391213159
2263;0.9790665953743265
2264;0.97917419996258315
2265;0.97963080592937313
2266;0.98010725205460958
2267;0.98006817769299792
2268;0.98011967352301643
2269;0.9741078737539286
2270;0.97526265774621745
2271;0.9749026089257643
2272;0.97531451861791074
2273;0.97468488019727151
2274;0.97455404078448815
2275;0.97441051285979896
2276;0.97459714766125816
2277;0.97455105940365561
2278;0.97514449283492544
2279;0.97534872268845274
2280;0.97712876474443411
2281;0.97644463085586375
2282;0.97624256718482505
2283;0.97801338390676607
2284;0.97881174869831455
2285;0.98074440752502434
2286;0.98152758509636562
2287;0.98268594862800451
2288;0.98310644820870019
2289;0.98363219429198145
2290;0.98382139160626736
2291;0.98485394034265683
2292;0.98483085492825118
2293;0.9853496014505353
2294;0.98551057673878861
2295;0.98502462385248946
2296;0.98499268460843392
2297;0.9846484836682442
2298;0.98413119405203553
2299;0.98260005255221972
2300;0.9815984041364243
2301;0.98139226751545605
2302;0.9814870658812116
2303;0.98105467544623703
2304;0.98143328205307834
2305;0.98106606455935164
2306;0.98153726281236398
2307;0.98108154292673977
2308;0.9811133466163916
2309;0.98096579769056913
2310;0.98147338668836348
2311;0.98144927770583623
2312;0.98178462250304965
2313;0.98237655466128981
2314;0.96870683578427852
2315;0.96935230079974422
2316;0.96999390273411568
2317;0.97058471096503929
2318;0.97137233878614881
2319;0.97149110474873757
2320;0.97129792407414439
2321;0.97109364055911995
2322;0.97147430695161052
2323;0.97143062379274114
2324;0.97171668843964354
2325;0.97201112811407064
2326;0.97230361268951626
2327;0.97202263764445229
2328;0.97163532064501956
2329;0.97154695404433122
2330;0.97158391417207368
2331;0.97143948906622346
2332;0.97089402315839179
2333;0.97070676305720838
2334;0.97037058267014709
2335;0.96979924928988814
2336;0.96932363262445786
2337;0.96874265921768865
2338;0.96809273110197058
2339;0.96738827622788603
2340;0.96707830196646316
2341;0.96655812580797251
2342;0.96658558114391047
2343;0.96553186013677761
2344;0.965460094806596
2345;0.96480452068127798
2346;0.96438531649088122
2347;0.96487409876730146
2348;0.9654402739966107
2349;0.9656945280246243
2350;0.96558443148207573
2351;0.96574768238099029
2352;0.96589925201911619
2353;0.96594526995327168
2354;0.96489624580800015
2355;0.96520145366769072
2356;0.9647061131969622
2357;0.96455583617847962
2358;0.96479631162980417
2359;0.96563480989118033
2360;0.96610616354498235
2361;0.9667360358781546
2362;0.96722398044702529
2363;0.96731952546151778
2364;0.96741407446495531
2365;0.96707779850449094
2366;0.96712911747802999
2367;0.96719801542183526
2368;0.96727808161386863
2369;0.96730620102516318
2370;0.96709769811867086
2371;0.96748968380622202
2372;0.9670482598270671
2373;0.96614849061499009
2374;0.96555979258402169
2375;0.96499611905691107
2376;0.96430986743131608
2377;0.96394132003969624
2378;0.96263211426513096
2379;0.9618798371431837
2380;0.97956839914557403
2381;0.97875738584578387
2382;0.97905285669019859
2383;0.97873233109478075
2384;0.97864319799178212
2385;0.97822619960286816
2386;0.97823484006768957
2387;0.97812547887754486
2388;0.97817907851500407
2389;0.97720555298741607
2390;0.97732111440043123
2391;0.97705194061598521
2392;0.97707289706384426
2393;0.97706319513424289
2394;0.97732763674497558
2395;0.97761303377188191
2396;0.9779510948004333
2397;0.97785583588556557
2398;0.97847309625690371
2399;0.97829473191969019
2400;0.97827221334811942
2401;0.9784364937022747
2402;0.97871427483681583
2403;0.97839278922825368
2404;0.97860562305989074
2405;0.97867600597314808
2406;0.97878979822358958
2407;0.97869674297973197
2408;0.97838261132658111
2409;0.9784205027603553
2410;0.97892166930312607
2411;0.97921089908967629
2412;0.97955289520027322
2413;0.9793259136429634
2414;0.97927444751961712
2415;0.97943959738774944
2416;0.9790755900804885
2417;0.97887844002344082
2418;0.97841432900666048
2419;0.9778220809726661
2420;0.97764499718140441
2421;0.9774244761366645
2422;0.97707188314221871
2423;0.97734328553858396
2424;0.97800486960358879
2425;0.97864510052529086
2426;0.97868845472803268
2427;0.97888211469122033
2428;0.97844884713399738
2429;0.97820538895959441
2430;0.97800813386208374
2431;0.9745833040630042
2432;0.97495630546279566
2433;0.97524084444298942
2434;0.97640628137712249
2435;0.97654312395739307
2436;0.97717820585756532
2437;0.97777829210562339
2438;0.97775289426851708
2439;0.97834772379437152
2440;0.97802133809289893
2441;0.97795202586747387
2442;0.97820068342143807
2443;0.94044005197700264
2444;0.93534178749314434
2445;0.92936569305717898
2446;0.9260780581264686
2447;0.92806402363153784
2448;0.92917228606493141
2449;0.93067416134120995
2450;0.92995384729316444
2451;0.93015987752367946
2452;0.93141408202014386
2453;0.93677107973306317
2454;0.93503422007672854
2455;0.93305678283808169
2456;0.93301378878609897
2457;0.93517381083921636
2458;0.94078279142078913
2459;0.94140347772272726
2460;0.94498220627807872
2461;0.94684473344253217
2462;0.94732587245105671
2463;0.94734350217698371
2464;0.94836726887106393
2465;0.94645495226311371
2466;0.94521785727399332
2467;0.94576086560579886
2468;0.94817331927855364
2469;0.95114815476722436
2470;0.95605933654573505
2471;0.96136000423203338
2472;0.96354108121932647
2473;0.96679995700832366
2474;0.96960413774957022
2475;0.97094252356598054
2476;0.97206090140468082
2477;0.97301917310624819
2478;0.97361772139638736
2479;0.97415286614605501
2480;0.97590391843583579
2481;0.97635721450661406
2482;0.97774745147891695
2483;0.97803400812896613
2484;0.97923418624527692
2485;0.96469388323802341
2486;0.96402759894173007
2487;0.96415364373385215
2488;0.96400589794894298
2489;0.96415907135693668
2490;0.96408144870467227
2491;0.96441214058566804
2492;0.96456023814537717
2493;0.96449299732154103
2494;0.96442329265789251
2495;0.96448569412808094
2496;0.9644646143329545
2497;0.96435734041431864
2498;0.96443855509109477
2499;0.96455681792001446
2500;0.96424033819562793
2501;0.96409400532004885
2502;0.96414928588362647
2503;0.96412844985558155
2504;0.96436385290702242
2505;0.96426331767209283
2506;0.96451222527307467
2507;0.96434193014225156
2508;0.96454533052075009
2509;0.96461436872323958
2510;0.96452479324252649
2511;0.96462909708455002
2512;0.96482425600107624
2513;0.96453390047489651
2514;0.96450662540262633
2515;0.96469153546884912
2516;0.96441771855823133
2517;0.96463571290123673
2518;0.96466105001821079
2519;0.96436463198066091
2520;0.96432153618895988
2521;0.96429667819232034
2522;0.96467839896203256
2523;0.96473512916751414
2524;0.96469533499204241
2525;0.96464096734489846
2526;0.96450591848395129
2527;0.96438670044537467
2528;0.96444631870378306
2529;0.96443614451390736
2530;0.96429345085532103
2531;0.96444457988972832
2532;0.96441366690477304
2533;0.96470592731115656
2534;0.96462190225314592
2535;0.96427218002567139
2536;0.96462249267554501
2537;0.96467500807480366
2538;0.96448495706428883
2539;0.96474582715049972
2540;0.9643833230640193
2541;0.96426215425905604
2542;0.96417942850115534
2543;0.96427382476890711
2544;0.96422595678339973
2545;0.96311385561577045
2546;0.96314750419315287
2547;0.9634214202256467
2548;0.96326371481769379
2549;0.963371084789302
2550;0.96362631306157265
2551;0.96351319403532087
2552;0.96369802541258276
2553;0.96369961823738459
2554;0.96358120974776451
2555;0.96369294083986579
2556;0.96384439462824967
2557;0.96377809198678077
2558;0.96413097641696877
2559;0.96416985646003317
2560;0.96397158574344355
2561;0.96379733284329572
2562;0.96377092164533551
2563;0.96351866928095076
2564;0.9635440485685618
2565;0.9638278660318873
2566;0.96385924550926094
2567;0.96385952038176337
2568;0.96392340734050663
2569;0.9637226321816672
2570;0.96384674032101436
2571;0.96365903114839602
2572;0.96335492125985456
2573;0.96089120485003221
2574;0.96059908679776906
2575;0.9590789277355185
2576;0.95760976998222958
2577;0.95606828140207689
2578;0.95814720272493747
2579;0.95981131509287287
2580;0.95946350082032505
2581;0.96006641122731662
2582;0.9590607581594246
2583;0.96076731788075531
2584;0.96065235487260769
2585;0.96040595541434082
2586;0.9611150066698475
2587;0.96172085630983828
2588;0.96207015421870423
2589;0.96022337743068831
2590;0.9590332008754392
2591;0.95846984059774187
2592;0.95918411515699242
2593;0.96260155795002578
2594;0.96328319080581892
2595;0.96405735407654936
2596;0.9635241925348309
2597;0.96198527261612055
2598;0.95760502485856702
2599;0.95356821630009414
2600;0.9487752170934487
2601;0.94697425201712737
2602;0.95054425361692285
2603;0.95987161204425753
2604;0.96637299970030388
2605;0.97287469043721453
2606;0.9767865189948387
2607;0.97479423913114938
2608;0.96937090971790374
2609;0.96133678494841523
2610;0.95397466463302694
2611;0.95189339269595163
2612;0.95020576634897469
2613;0.95117492633224332
2614;0.95310805080697159
2615;0.95937632773361448
2616;0.96657876523915442
2617;0.97167356541652883
2618;0.97350601306254347
2619;0.972576677376916
2620;0.96752042641767599
2621;0.96810400044552758
2622;0.9684426974963366
2623;0.9692545877636497
2624;0.96924109512291012
2625;0.96959566758690108
2626;0.96987423163074127
2627;0.97019799726452993
2628;0.96966564472186301
2629;0.96915361873231232
2630;0.96938776859468945
2631;0.96987189728487988
2632;0.9703873432457002
2633;0.97068031281479783
2634;0.97100658745422497
2635;0.97090363746743247
2636;0.97099899934653011
2637;0.97115661629846362
2638;0.97158253431328545
2639;0.9712356697487079
2640;0.97123009060993981
2641;0.97059712649064089
2642;0.97062930637400124
2643;0.97066655800390034
2644;0.97095551153671367
2645;0.97066659792908172
2646;0.97091685988015797
2647;0.971720058731947
2648;0.97205367763809802
2649;0.97233316032880801
2650;0.97230942110383278
2651;0.97224751120303243
2652;0.97270913723653152
2653;0.97315868648037573
2654;0.97347093124785578
2655;0.97418023014966093
2656;0.97420463374362298
2657;0.97434346719461407
2658;0.97412280884922176
2659;0.9739428978640674
2660;0.97365584784108894
2661;0.97346476229432011
2662;0.9734346192477582
2663;0.97302793047922698
2664;0.97294803418744324
2665;0.97331288742844513
2666;0.97372661207488276
2667;0.9737446665485181
2668;0.97366685363827687
2669;0.97323725911490944
2670;0.9731738625924059
2671;0.97305400924729712
2672;0.97281263521600692
2673;0.97190015878201108
2674;0.97142205581882568
2675;0.97112725089600394
2676;0.97143525734527769
2677;0.97197484548511281
2678;0.9720120309201864
2679;0.97200456558947024
2680;0.97182694671876391
2681;0.9726411986602671
2682;0.97237219743633396
2683;0.97199161812581791
2684;0.97148976787145491
2685;0.97095320996024848
2686;0.97066048435994878
2687;0.97056565293041219
2688;0.97120145951363834
2689;0.97087253797406403
2690;0.970873816644652
2691;0.97047758538630269
2692;0.97015972156757968
2693;0.96996924488063485
2694;0.96984484683343075
2695;0.96934584960404113
2696;0.96923241998110199
2697;0.96933224206957647
2698;0.96935994734095188
2699;0.96945938711476209
2700;0.96944372990031047
2701;0.96984960629852279
2702;0.96991973429270883
2703;0.96960783784355065
2704;0.97008897982632603
2705;0.96941699672579562
2706;0.96930248527555185
2707;0.96917828848007825
2708;0.96948589722488343
2709;0.96978821449473851
2710;0.97062834168036483
2711;0.97052999792732375
2712;0.97030943421954685
2713;0.97044497634152438
2714;0.97036734546573333
2715;0.97046997931198231
2716;0.9705383142330366
2717;0.97005700967733277
2718;0.96936715346832536
2719;0.96921500162489882
2720;0.96947190093367774
2721;0.96989188498560397
2722;0.97024382172607893
2723;0.9705774230930645
2724;0.97099712159686324
2725;0.97164926592198875
2726;0.97126580074653002
2727;0.97025357200440199
2728;0.96959344972192185
2729;0.96870362234013629
2730;0.96892345974262173
2731;0.96858583748159865
2732;0.96886398416057928
2733;0.96917954623728775
2734;0.96953566815507353
2735;0.96967246783828898
2736;0.96955711108896148
2737;0.96861188689533273
2738;0.96778696778458961
2739;0.96723240989052262
2740;0.96650102125965498
2741;0.96646830139063411
2742;0.96772897911784195
2743;0.96828702646959131
2744;0.9689671852835301
2745;0.96900155521836695
2746;0.96872919917138534
2747;0.96897546923517963
2748;0.96891717398467936
2749;0.96806385692743213
2750;0.96771320090615642
2751;0.96729256366415828
2752;0.96720791434327136
2753;0.96763640414623364
2754;0.96824350095757672
2755;0.96834387404164213
2756;0.96813001688353773
2757;0.96827445586085192
2758;0.96875812757990143
2759;0.96901332350826164
2760;0.96840904323328292
2761;0.96843695531949225
2762;0.96820269750293708
2763;0.96551783531725344
2764;0.96985071490157082
2765;0.97836072451193268
2766;0.97908002505881808
2767;0.97680331492458139
2768;0.96719310371460043
2769;0.96187531269849502
2770;0.95014503202212364
2771;0.95515942428023304
2772;0.94689786771330642
2773;0.94863341238969712
2774;0.97644070544207673
2775;0.97636387371874311
2776;0.97571968104997397
2777;0.97381629598522512
2778;0.97347192868633992
2779;0.97144786004397921
2780;0.97635389274455286
2781;0.96505057078221157
2782;0.95411666120511907
2783;0.94952310646774185
2784;0.94714292350438556
2785;0.94504462777551179
2786;0.94469330256042994
2787;0.94449284377747977
2788;0.94413077928012945
2789;0.94446634838131449
2790;0.9448772931902969
2791;0.94621906853266702
2792;0.94965677638489232
2793;0.9537963321352545
2794;0.96404688432614138
2795;0.97503603818860662
2796;0.9742148840073046
2797;0.97455130522259215
2798;0.97648173356943879
2799;0.97687721445367393
2800;0.96861547852678476
2801;0.96266388280071902
2802;0.95972446502743314
2803;0.95921365933616265
2804;0.96192742668507003
2805;0.96458263074906536
2806;0.96417986458712557
2807;0.95799541554425605
2808;0.96978900973771798
2809;0.96993357628031884
2810;0.97127324213621735
2811;0.9719757376952386
2812;0.97254356375843642
2813;0.97209147786742023
2814;0.97203001336859496
2815;0.97206412678075127
2816;0.97218401435543778
2817;0.97211539934291391
2818;0.97218460157254261
2819;0.97204870171501645
2820;0.97221096808575402
2821;0.9724761096484561
2822;0.9725775747336507
2823;0.97247651795271006
2824;0.97233185998516325
2825;0.97228135724936338
2826;0.97225315831987091
2827;0.97233176518873288
2828;0.97240231656281051
2829;0.97233996791036315
2830;0.97236397135599562
2831;0.9724826274045304
2832;0.97230134375125454
2833;0.97244539410635245
2834;0.97234417958280528
2835;0.97229502554560421
2836;0.97204505687092468
2837;0.97382594813899837
2838;0.97006035169201532
2839;0.96887153647423385
2840;0.96832780738735924
2841;0.96731666246048176
2842;0.96632050361727095
2843;0.96510155610780612
2844;0.96166599465666325
2845;0.96098044835745799
2846;0.95619584921643619
2847;0.95254293936485268
2848;0.97246681617766317
2849;0.97154513936826303
2850;0.97056647740906066
2851;0.96976412129434642
2852;0.96851915723570237
2853;0.96864846541330862
2854;0.95862904960913864
2855;0.94964645504051393
2856;0.94136524744467398
2857;0.94212364730446685
2858;0.9477677030084013
2859;0.95511511899072132
2860;0.96649301365283713
2861;0.96811874990771818
2862;0.97037070976572781
2863;0.97045555393043892
2864;0.97033103025293632
2865;0.970835212076817
2866;0.96078965236612246
2867;0.95434480401764976
2868;0.94961781906225495
2869;0.95119521815282315
2870;0.95634595839954406
2871;0.96558589155809227
2872;0.96624147721597009
2873;0.96430342253831458
2874;0.96252631548289325
2875;0.96450114768228612
2876;0.96398503544401937
2877;0.96305676101249227
2878;0.96133346310168943
2879;0.96043170527594945
2880;0.95979932202292095
2881;0.96272484441325523
2882;0.96226745536235525
2883;0.95607774440481608
2884;0.95388051434731702
2885;0.94982403123080916
2886;0.94988472258963785
2887;0.95067047114314707
2888;0.80353668659774757
2889;0.77677906207736913
2890;0.76072968571217858
2891;0.75369542137732937
2892;0.75464115467149506
2893;0.76614524061204536
2894;0.78365339610139717
2895;0.79927472692372226
2896;0.8030871680470224
2897;0.79651044182529795
2898;0.79518442633277653
2899;0.81743807292166393
2900;0.84569830800588774
2901;0.84818291669401447
2902;0.84803060832720611
2903;0.84569397143406866
2904;0.85285452320672794
2905;0.85228282423371349
2906;0.8456269262043149
2907;0.8566634432583945
2908;0.8429510129831389
2909;0.84971797862059084
2910;0.83163024857877277
2911;0.81112642969021553
2912;0.80004212585303525
2913;0.79087448263884152
2914;0.94794847400696347
2915;0.94790869065610828
2916;0.94852455097134347
2917;0.94988567950052727
2918;0.95087186094743925
2919;0.95260771889831886
2920;0.95498197029773668
2921;0.95633055881290618
2922;0.95806236150453006
2923;0.96101068205231166
2924;0.96360297260593042
2925;0.96056158233215883
2926;0.95049605677358506
2927;0.94545297530603456
2928;0.9430870519828487
2929;0.94202616149645335
2930;0.94173812587310224
2931;0.94252925834976975
2932;0.94372076828268781
2933;0.94285478429389769
2934;0.94230154313798264
2935;0.94325548553900573
2936;0.95065185446715017
2937;0.95128584567072483
2938;0.9500067386654133
2939;0.94979319896923442
2940;0.94915011958305495
2941;0.95104832384245419
2942;0.94981623981558971
2943;0.94913610146826899
2944;0.94889807154972927
2945;0.93337016095662839
2946;0.92720527702338973
2947;0.92875552738904399
2948;0.93095221558705044
2949;0.93150335116500105
2950;0.92852614921098409
2951;0.92920215727659172
2952;0.92962683860250139
2953;0.9283978346922338
2954;0.92883868997961072
2955;0.92776748933041475
2956;0.98186796673610255
2957;0.98158322415834842
2958;0.98223522973951727
2959;0.9825137873543569
2960;0.98246473925221189
2961;0.98279201038048569
2962;0.98277348710185508
2963;0.98292743822005535
2964;0.98293602095802013
2965;0.98310825295333493
2966;0.98315256509708915
2967;0.98380890593025694
2968;0.98378854579065733
2969;0.98313148276206053
2970;0.98364800336971625
2971;0.98324743913168322
2972;0.98363029376213684
2973;0.98325381564682901
2974;0.98330341838380009
2975;0.98346127070736378
2976;0.98421356030122764
2977;0.98367631241408016
2978;0.9839873619945152
2979;0.98348024114142352
2980;0.98378205007160979
2981;0.98421924002313366
2982;0.9838436925662678
2983;0.98421085441156597
2984;0.98405766680996132
2985;0.98400899002710052
2986;0.98382402049046958
2987;0.98360715887334049
2988;0.98416286269293407
2989;0.98381604555712598
2990;0.98428027225183545
2991;0.98485558647491112
2992;0.98488196943137185
2993;0.98464409230109617
2994;0.98484433747439559
2995;0.98483218542483975
2996;0.98460776197190336
2997;0.98498595978315284
2998;0.9846193469015041
2999;0.984787991599824
3000;0.98469455442979847
